Sample,ARID1A_chr1.26761448del,MYC_chr8.127738431C/A,NSD2_chr4.1978831ins,TP53_chr17.7673802C/T,IGLL5_chr22.22888087del,ARID1A_chr1.26774583G/T,KMT2D_chr12.49055008G/T,HNRNPU_chr1.244856078ins,PTEN_chr10.87862267G/T,CHD8_chr14.21429062C/A,DDX3X_chrX.41344468G/T,GNA13_chr17.65014570G/T,RFX7_chr15.56094460C/A,ALPK2_chr18.58537551C/A,FAT1_chr4.186611524C/A,BACH2_chr6.89951805G/T
PB14458-BLBM-BCELLP2B4,Frameshift_mutation,Missense_mutation,,Missense_mutation,,,,,,,,,,,,
PB14458-BLBM-BCELLP2N2,Frameshift_mutation,Missense_mutation,,Missense_mutation,Frameshift_mutation,,,,,,,,,,,
P856GDDBBC59,Frameshift_mutation,Missense_mutation,,Missense_mutation,Frameshift_mutation,,,,,,,,,,,
P856GDDBBC64,Frameshift_mutation,Missense_mutation,,Missense_mutation,,,,Frameshift_mutation,,,,,,,,
PB14458-BLBM-BCELLP2C4,Frameshift_mutation,Missense_mutation,UTR_mutation,Missense_mutation,Frameshift_mutation,,,,,,,,,,,
PB14458-BLBM-BCELLP2L4,Frameshift_mutation,Missense_mutation,UTR_mutation,Missense_mutation,Frameshift_mutation,,,Frameshift_mutation,,,,,,,,
PB14458-BLBM-BCELLP2L3,Frameshift_mutation,,UTR_mutation,Missense_mutation,Frameshift_mutation,,,,,,,,,,,
P856GDDBBC61,Frameshift_mutation,Missense_mutation,UTR_mutation,Missense_mutation,Frameshift_mutation,,,,,,,,,,,
P856GDDBBC62,Frameshift_mutation,Missense_mutation,UTR_mutation,Missense_mutation,Frameshift_mutation,,,Frameshift_mutation,,,,,,,,
PB14458-BLBM-BCELLP2M4,Frameshift_mutation,Missense_mutation,UTR_mutation,Missense_mutation,Frameshift_mutation,,,,,Missense_mutation,,,,,,
P856GDDBBC57,Frameshift_mutation,Missense_mutation,,Missense_mutation,Frameshift_mutation,,,,,,,,,,,
PB14458-BLBM-BCELLP2E4,Frameshift_mutation,,UTR_mutation,Missense_mutation,Frameshift_mutation,,,Frameshift_mutation,,,,,,,,
PB14458-BLBM-BCELLP2I2,Frameshift_mutation,Missense_mutation,UTR_mutation,Missense_mutation,Frameshift_mutation,,,,,,,,,,,
PB14458-BLBM-BCELLP2F4,,Missense_mutation,UTR_mutation,Missense_mutation,Frameshift_mutation,,,Frameshift_mutation,,,,,,,,
PB14458-BLBM-BCELLP2N4,Frameshift_mutation,Missense_mutation,,Missense_mutation,Frameshift_mutation,,,,,,,,,,,
P856GDDBBC54,Frameshift_mutation,Missense_mutation,UTR_mutation,Missense_mutation,Frameshift_mutation,,,,,,,,,,,
P856GDDBBC48,Frameshift_mutation,,,,Frameshift_mutation,,,,,,,,,,,
P856GDDBBC58,Frameshift_mutation,Missense_mutation,UTR_mutation,Missense_mutation,Frameshift_mutation,,,,,,,,,,,
PB14458-BLPL-BCELLP4D3,Frameshift_mutation,Missense_mutation,,Missense_mutation,,,,,,,,,,,,
P856GDDUBC33,Frameshift_mutation,,UTR_mutation,Missense_mutation,Frameshift_mutation,,,,,,,,,,,
PB14458-BLPL-BCELLP4M3,Frameshift_mutation,Missense_mutation,UTR_mutation,Missense_mutation,Frameshift_mutation,,,,,,,,,,,Missense_mutation
PB14458-BLPL-BCELLP4B3,Frameshift_mutation,Missense_mutation,,Missense_mutation,,Missense_mutation,,Frameshift_mutation,,,,,,,,
PB14458-BLPL-BCELLP4L5,Frameshift_mutation,Missense_mutation,UTR_mutation,Missense_mutation,Frameshift_mutation,,,,,,,,,,Missense_mutation,
PB14458-BLPL-BCELLP4E3,Frameshift_mutation,Missense_mutation,,Missense_mutation,Frameshift_mutation,,,Frameshift_mutation,,,,,,,,
P856GDDUBC34,,,,Missense_mutation,Frameshift_mutation,,,,,,,,,,,
PB14458-BLPL-BCELLP4L3,Frameshift_mutation,Missense_mutation,UTR_mutation,Missense_mutation,Frameshift_mutation,,,,,,,,,,,
PB14458-BLPL-BCELLP4K5,Frameshift_mutation,Missense_mutation,UTR_mutation,Missense_mutation,Frameshift_mutation,,,,,,,Missense_mutation,,,,
PB14458-BLPL-BCELLP4J3,Frameshift_mutation,Missense_mutation,UTR_mutation,Missense_mutation,,,,,,,Intron_mutation,,,,,
PB14458-BLPL-BCELLP4K3,Frameshift_mutation,,UTR_mutation,Missense_mutation,,,,,,,,,,,,
PB14458-BLPL-BCELLP4D5,,,UTR_mutation,,,,,Frameshift_mutation,,,,,,,,
P856GDDUBC42,,,UTR_mutation,,,,,,,,,,,,,
P856GDDUBC41,,,UTR_mutation,,,,,,,,,,,,,
P856GDDUBC44,,,UTR_mutation,,,,,Frameshift_mutation,,,,,,,,
P856GDDUBC40,,,,,,,,,,,,,,,,
P856GDDUBC43,,,UTR_mutation,,,,,,,,,,Missense_mutation,Missense_mutation,,
P856GDDUBC45,,,UTR_mutation,,,,,,,,,,,,,
PB14458-BLPL-BCELLP4B5,,,UTR_mutation,,,,Missense_mutation,Frameshift_mutation,,,,,,,,
P856GDDUBC32,Frameshift_mutation,,UTR_mutation,Missense_mutation,Frameshift_mutation,,,,,,,,,,,
PB14458-BLPL-BCELLP4C3,Frameshift_mutation,Missense_mutation,,,Frameshift_mutation,,,,,,,,,,,
P856GDDBBC63,Frameshift_mutation,Missense_mutation,,Missense_mutation,Frameshift_mutation,,,,,,,,,,,
PB14458-BLBM-BCELLP2F2,Frameshift_mutation,Missense_mutation,UTR_mutation,Missense_mutation,Frameshift_mutation,,,,Up_or_Downstream_gene_mutation,,,,,,,
PB14458-BLBM-BCELLP2B3,Frameshift_mutation,Missense_mutation,UTR_mutation,Missense_mutation,,,,,,,,,,,,
P856GDDBBC60,Frameshift_mutation,Missense_mutation,UTR_mutation,Missense_mutation,,,,,,,,,,,,
P856GDDBBC46,Frameshift_mutation,Missense_mutation,,Missense_mutation,,,,,,,,,,,,
PB14458-BLBM-BCELLBULK,Frameshift_mutation,Missense_mutation,,Missense_mutation,Frameshift_mutation,,,,,,,,,,,
PB14458-BLPL-BCELLBULK,Frameshift_mutation,Missense_mutation,,Missense_mutation,Frameshift_mutation,,,,,,,,,,,