Sample,CCND3_chr6.41935946ins,FBXO11_chr2.47832965del,FBXO11_chr2.47803500ins,ID3_chr1.23559231del,MYC_chr8.127736358C/T,MYC_chr8.127736461C/T,MYC_chr8.127736233C/G,MYC_chr8.127736244A/C,MYC_chr8.127736580C/T,NSD2_chr4.1978831ins,PHF6_chrX.134393606C/T,SMARCA4_chr19.11033309G/A,TP53_chr17.7674245T/C,FOXO1_chr13.40666151C/G,TFAP4_chr16.4262612C/T,BCL6_chr3.187729447ins,IGLL5_chr22.22888260G/A,MTOR_chr1.11127760C/T,SMARCA4_chr19.10986948ins,MCL1_chr1.150557306del,WNK2_chr9.93257022ins,MCL1_chr1.150558029ins,SNTB2_chr16.69299605G/A,CTCF_chr16.67611431C/T
PB08410-BLBM-BCELLP2B8,,In_Frame_Del,Up_or_Downstream_gene_mutation,Frameshift_mutation,,,,,,UTR_mutation,,Missense_mutation,,,,,,,,,,,,
PB08410-BLBM-BCELLP2C8,,,Up_or_Downstream_gene_mutation,,,,,,,UTR_mutation,,,,,,,,,,,,Up_or_Downstream_gene_mutation,,
PB08410-BLBM-BCELLP2D8,Frameshift_mutation,In_Frame_Del,Up_or_Downstream_gene_mutation,Frameshift_mutation,UTR_mutation,UTR_mutation,UTR_mutation,UTR_mutation,,UTR_mutation,,Missense_mutation,Missense_mutation,Missense_mutation,Missense_mutation,,Splice_site,,,,Frameshift_mutation,Up_or_Downstream_gene_mutation,,
PB08410-BLBM-BCELLP2E8,,,,,,,,,,UTR_mutation,,,,,,Frameshift_mutation,,,,,Frameshift_mutation,Up_or_Downstream_gene_mutation,,
PB08410-BLBM-BCELLP2G8,Frameshift_mutation,In_Frame_Del,Up_or_Downstream_gene_mutation,Frameshift_mutation,UTR_mutation,UTR_mutation,UTR_mutation,UTR_mutation,UTR_mutation,UTR_mutation,,Missense_mutation,Missense_mutation,,,,Splice_site,,Frameshift_mutation,,Frameshift_mutation,,,
PB08410-BLBM-BCELLP5E8,,In_Frame_Del,Up_or_Downstream_gene_mutation,Frameshift_mutation,UTR_mutation,UTR_mutation,UTR_mutation,UTR_mutation,UTR_mutation,,,Missense_mutation,Missense_mutation,Missense_mutation,Missense_mutation,Frameshift_mutation,,,,,,,,
PB08410-BLBM-BCELLP5F8,Frameshift_mutation,In_Frame_Del,Up_or_Downstream_gene_mutation,Frameshift_mutation,,,,,,UTR_mutation,,,Missense_mutation,Missense_mutation,Missense_mutation,,Splice_site,,,,,,,
PB08410-BLBM-BCELLP5G10,,,,,,,,,,UTR_mutation,,,,,,,,,,Up_or_Downstream_gene_mutation,,,,
PB08410-BLLN-BCELLP1B11,Frameshift_mutation,In_Frame_Del,Up_or_Downstream_gene_mutation,Frameshift_mutation,,,UTR_mutation,UTR_mutation,UTR_mutation,UTR_mutation,Nonsense_mutation,Missense_mutation,Missense_mutation,Missense_mutation,,Frameshift_mutation,Splice_site,,Frameshift_mutation,,Frameshift_mutation,Up_or_Downstream_gene_mutation,,
PB08410-BLLN-BCELLP2B10,Frameshift_mutation,In_Frame_Del,Up_or_Downstream_gene_mutation,Frameshift_mutation,,,UTR_mutation,UTR_mutation,,UTR_mutation,Nonsense_mutation,Missense_mutation,Missense_mutation,Missense_mutation,,Frameshift_mutation,Splice_site,,Frameshift_mutation,,Frameshift_mutation,Up_or_Downstream_gene_mutation,,
PB08410-BLLN-BCELLP2D10,Frameshift_mutation,In_Frame_Del,,Frameshift_mutation,UTR_mutation,UTR_mutation,UTR_mutation,UTR_mutation,,UTR_mutation,Nonsense_mutation,Missense_mutation,Missense_mutation,,,Frameshift_mutation,Splice_site,,Frameshift_mutation,,Frameshift_mutation,,,
PB08410-BLLN-BCELLP2E10,Frameshift_mutation,In_Frame_Del,Up_or_Downstream_gene_mutation,Frameshift_mutation,UTR_mutation,UTR_mutation,UTR_mutation,UTR_mutation,UTR_mutation,UTR_mutation,Nonsense_mutation,Missense_mutation,Missense_mutation,,,Frameshift_mutation,Splice_site,,Frameshift_mutation,,Frameshift_mutation,,,
PB08410-BLLN-BCELLP4B11,Frameshift_mutation,In_Frame_Del,Up_or_Downstream_gene_mutation,Frameshift_mutation,UTR_mutation,UTR_mutation,UTR_mutation,UTR_mutation,UTR_mutation,UTR_mutation,Nonsense_mutation,Missense_mutation,Missense_mutation,Missense_mutation,,,Splice_site,,Frameshift_mutation,,Frameshift_mutation,Up_or_Downstream_gene_mutation,,
PB08410-BLLN-BCELLP4D10,Frameshift_mutation,In_Frame_Del,Up_or_Downstream_gene_mutation,Frameshift_mutation,UTR_mutation,UTR_mutation,UTR_mutation,UTR_mutation,UTR_mutation,UTR_mutation,Nonsense_mutation,Missense_mutation,Missense_mutation,Missense_mutation,,Frameshift_mutation,Splice_site,,Frameshift_mutation,,Frameshift_mutation,Up_or_Downstream_gene_mutation,,
PB08410-BLLN-BCELLP4F10,,In_Frame_Del,Up_or_Downstream_gene_mutation,Frameshift_mutation,UTR_mutation,UTR_mutation,UTR_mutation,UTR_mutation,UTR_mutation,UTR_mutation,Nonsense_mutation,Missense_mutation,Missense_mutation,Missense_mutation,,,Splice_site,,,,Frameshift_mutation,Up_or_Downstream_gene_mutation,,
PB08410-BLLN-BCELLP4G10,Frameshift_mutation,In_Frame_Del,Up_or_Downstream_gene_mutation,Frameshift_mutation,UTR_mutation,UTR_mutation,UTR_mutation,UTR_mutation,UTR_mutation,UTR_mutation,Nonsense_mutation,Missense_mutation,Missense_mutation,Missense_mutation,,Frameshift_mutation,Splice_site,,,,Frameshift_mutation,Up_or_Downstream_gene_mutation,,
PB08410-BM-BCELL2C8,,,Up_or_Downstream_gene_mutation,,,,,,,UTR_mutation,,,,,,,,,Frameshift_mutation,,,Up_or_Downstream_gene_mutation,,
PB08410-BM-BCELL2C9,,,Up_or_Downstream_gene_mutation,,,,,,,UTR_mutation,,,,,,Frameshift_mutation,,,Frameshift_mutation,,,Up_or_Downstream_gene_mutation,,
PB08410-BM-BCELL2E6,,In_Frame_Del,Up_or_Downstream_gene_mutation,Frameshift_mutation,,,,,,UTR_mutation,,,,Missense_mutation,,,Splice_site,,Frameshift_mutation,,Frameshift_mutation,Up_or_Downstream_gene_mutation,,Missense_mutation
PB08410-BM-BCELL2F6,,In_Frame_Del,Up_or_Downstream_gene_mutation,Frameshift_mutation,,,,,,UTR_mutation,,,Missense_mutation,,,,,,,,Frameshift_mutation,Up_or_Downstream_gene_mutation,,
PB08410-BM-BCELL2D6,,,,,,,,,,,,,,,,,,,Frameshift_mutation,,Frameshift_mutation,,,
PRN4GPDBBC07,,,Up_or_Downstream_gene_mutation,,,,,,,UTR_mutation,,,,,,,,Nonsense_mutation,,,Frameshift_mutation,,,
PRN4GPDLBC05,,,Up_or_Downstream_gene_mutation,,,,,,,UTR_mutation,,,,,,Frameshift_mutation,,,Frameshift_mutation,,,,,
PRN4GPDLBC09,Frameshift_mutation,In_Frame_Del,Up_or_Downstream_gene_mutation,Frameshift_mutation,UTR_mutation,UTR_mutation,UTR_mutation,UTR_mutation,UTR_mutation,UTR_mutation,Nonsense_mutation,Missense_mutation,Missense_mutation,Missense_mutation,,Frameshift_mutation,Splice_site,,Frameshift_mutation,,Frameshift_mutation,Up_or_Downstream_gene_mutation,,
PRN4GPDLBC10,Frameshift_mutation,In_Frame_Del,Up_or_Downstream_gene_mutation,Frameshift_mutation,,UTR_mutation,UTR_mutation,UTR_mutation,UTR_mutation,UTR_mutation,Nonsense_mutation,Missense_mutation,Missense_mutation,Missense_mutation,,Frameshift_mutation,Splice_site,,Frameshift_mutation,,Frameshift_mutation,,,
PRN4GPDLBC11,Frameshift_mutation,In_Frame_Del,Up_or_Downstream_gene_mutation,Frameshift_mutation,UTR_mutation,UTR_mutation,UTR_mutation,UTR_mutation,UTR_mutation,UTR_mutation,Nonsense_mutation,Missense_mutation,Missense_mutation,,,Frameshift_mutation,Splice_site,,Frameshift_mutation,,Frameshift_mutation,Up_or_Downstream_gene_mutation,,
PRN4GPDLBC12,Frameshift_mutation,In_Frame_Del,Up_or_Downstream_gene_mutation,Frameshift_mutation,UTR_mutation,UTR_mutation,UTR_mutation,UTR_mutation,UTR_mutation,UTR_mutation,Nonsense_mutation,Missense_mutation,Missense_mutation,,,,Splice_site,,Frameshift_mutation,,Frameshift_mutation,Up_or_Downstream_gene_mutation,,
PRN4GPDLBC15,Frameshift_mutation,In_Frame_Del,Up_or_Downstream_gene_mutation,Frameshift_mutation,UTR_mutation,UTR_mutation,UTR_mutation,UTR_mutation,UTR_mutation,UTR_mutation,Nonsense_mutation,Missense_mutation,Missense_mutation,Missense_mutation,,,Splice_site,,,,Frameshift_mutation,Up_or_Downstream_gene_mutation,Missense_mutation,
PRN4GPDLBC16,Frameshift_mutation,In_Frame_Del,Up_or_Downstream_gene_mutation,Frameshift_mutation,UTR_mutation,UTR_mutation,UTR_mutation,UTR_mutation,UTR_mutation,UTR_mutation,Nonsense_mutation,Missense_mutation,Missense_mutation,,,Frameshift_mutation,Splice_site,,Frameshift_mutation,,,Up_or_Downstream_gene_mutation,,
PRN4GPDLBC17,Frameshift_mutation,In_Frame_Del,Up_or_Downstream_gene_mutation,Frameshift_mutation,,UTR_mutation,,,UTR_mutation,UTR_mutation,Nonsense_mutation,Missense_mutation,Missense_mutation,Missense_mutation,,Frameshift_mutation,Splice_site,,,,Frameshift_mutation,Up_or_Downstream_gene_mutation,,
PRN4GPDLBC19,Frameshift_mutation,In_Frame_Del,Up_or_Downstream_gene_mutation,Frameshift_mutation,UTR_mutation,UTR_mutation,UTR_mutation,UTR_mutation,UTR_mutation,UTR_mutation,Nonsense_mutation,Missense_mutation,Missense_mutation,,,Frameshift_mutation,Splice_site,,Frameshift_mutation,,,Up_or_Downstream_gene_mutation,,
PRN4GPDLBC20,Frameshift_mutation,In_Frame_Del,Up_or_Downstream_gene_mutation,Frameshift_mutation,,,,,,UTR_mutation,Nonsense_mutation,Missense_mutation,Missense_mutation,Missense_mutation,,,Splice_site,,,,,Up_or_Downstream_gene_mutation,,
PRN4GPDLBC21,Frameshift_mutation,,Up_or_Downstream_gene_mutation,Frameshift_mutation,UTR_mutation,UTR_mutation,,,UTR_mutation,UTR_mutation,Nonsense_mutation,Missense_mutation,Missense_mutation,,,,Splice_site,,,,,Up_or_Downstream_gene_mutation,,
PRN4GPDLBC22,Frameshift_mutation,,Up_or_Downstream_gene_mutation,Frameshift_mutation,UTR_mutation,UTR_mutation,,,UTR_mutation,,Nonsense_mutation,Missense_mutation,Missense_mutation,Missense_mutation,,Frameshift_mutation,Splice_site,,,,,Up_or_Downstream_gene_mutation,,Missense_mutation
PRN4GPDLBC23,Frameshift_mutation,In_Frame_Del,Up_or_Downstream_gene_mutation,Frameshift_mutation,UTR_mutation,UTR_mutation,UTR_mutation,UTR_mutation,UTR_mutation,UTR_mutation,Nonsense_mutation,Missense_mutation,Missense_mutation,Missense_mutation,,,Splice_site,,Frameshift_mutation,,,,,
PRN4GBDLBC72,Frameshift_mutation,In_Frame_Del,,Frameshift_mutation,UTR_mutation,UTR_mutation,UTR_mutation,UTR_mutation,UTR_mutation,,Nonsense_mutation,Missense_mutation,Missense_mutation,Missense_mutation,,,Splice_site,,,,,Up_or_Downstream_gene_mutation,,