Sample,ID3_chr1.23559225C/A,ID3_chr1.23559235ins,MYC_chr8.127739008G/A,SMARCA4_chr19.11033437G/A,TP53_chr17.7674230C/T,TP53_chr17.7675119G/A,BCL7A_chr12.122059134G/T,WDR7_chr18.56696260C/A,PLCG2_chr16.81905463C/A,CCND3_chr6.41936007ins, SMARCA4_chr19.10989319T/C,IGLL5_chr22.22888225A/G
PB11197-BLASC-BCELLP1B4,Nonsense_mutation,In_Frame_Ins,Missense_mutation,Missense_mutation,Missense_mutation,Nonsense_mutation,Missense_mutation,,,Frameshift_mutation,,
PB11197-BLASC-BCELLP1C4,Nonsense_mutation,In_Frame_Ins,Missense_mutation,Missense_mutation,Missense_mutation,,,Missense_mutation,,Frameshift_mutation,,
PB11197-BLASC-BCELLP1J3,Nonsense_mutation,In_Frame_Ins,,Missense_mutation,Missense_mutation,Nonsense_mutation,,,Up_or_Downstream_gene_mutation,Frameshift_mutation,,
PB11197-BLASC-BCELLP1K4,Nonsense_mutation,In_Frame_Ins,Missense_mutation,Missense_mutation,Missense_mutation,Nonsense_mutation,,,,Frameshift_mutation,,
PB11197-BLASC-BCELLP1L3,Nonsense_mutation,In_Frame_Ins,Missense_mutation,Missense_mutation,Missense_mutation,Nonsense_mutation,,,,Frameshift_mutation,,
PB11197-BLASC-BCELLP1O3,Nonsense_mutation,In_Frame_Ins,Missense_mutation,Missense_mutation,Missense_mutation,,,,,,,
P3G6GPDABC26,Nonsense_mutation,In_Frame_Ins,Missense_mutation,Missense_mutation,Missense_mutation,Nonsense_mutation,,,,Frameshift_mutation,,
P3G6GPDABC27,Nonsense_mutation,In_Frame_Ins,,Missense_mutation,Missense_mutation,Nonsense_mutation,,,,Frameshift_mutation,,
P3G6GPDABC28,Nonsense_mutation,,Missense_mutation,Missense_mutation,Missense_mutation,Nonsense_mutation,,,,Frameshift_mutation,,
P3G6GPDABC31,,,,,,Nonsense_mutation,,,,,Missense_mutation,
PB11197-BLASC-BCELLP1I4,Nonsense_mutation,In_Frame_Ins,Missense_mutation,Missense_mutation,Missense_mutation,,,,,Frameshift_mutation,,
PB11197-BLASC-BCELLP1P3,Nonsense_mutation,In_Frame_Ins,Missense_mutation,,Missense_mutation,Nonsense_mutation,,,,Frameshift_mutation,,
P3G6GDDABC71,,,Missense_mutation,,,,,,,Frameshift_mutation,,
PB11197-BLASC-BCELLP2B4,,,,,,,,,,,,Missense_mutation
PB11197-BLASC-BCELLP2C4,,,,,,,,,,,,
PB11197-BLASC-BCELLP2D4,,,,,,,,,,,,
PB11197-BLASC-BCELLP2E4,,,,,,,,,,Frameshift_mutation,,
PB11197-BLASC-BCELLP2F4,,,,,,,,,,Frameshift_mutation,,
PB11197-BLBM-MSCBULK,,,,,,,,,,,,
PB11197-BLASC-BCELLBULK,Nonsense_mutation,In_Frame_Ins,Missense_mutation,Missense_mutation,Missense_mutation,Nonsense_mutation,,,,Frameshift_mutation,,