cytoband,P856GDDUBC42,P856GDDUBC44,PB14458-BLPL-BCELLP4L3,PB14458-BLPL-BCELLP4K5,PB14458-BLPL-BCELLP4M3,PB14458-BLPL-BCELLP4B3,PB14458-BLPL-BCELLP4L5,P856GDDBBC63,PB14458-BLBM-BCELLP2F2,PB14458-BLBM-BCELLP2B3,P856GDDBBC60,P856GDDBBC46,PB14458-BLBM-BCELLP2B4,PB14458-BLBM-BCELLP2C4,PB14458-BLBM-BCELLP2N2,P856GDDBBC59,P856GDDBBC64,PB14458-BLBM-BCELLP2F4,P856GDDBBC58,P856GDDBBC54,P856GDDBBC48,PB14458-BLBM-BCELLP2I2,PB14458-BLBM-BCELLP2L4,PB14458-BLBM-BCELLP2E4,P856GDDBBC57,P856GDDBBC62,PB14458-BLBM-BCELLP2L3,P856GDDBBC61
chr14q11.2-q23.1,0,0,0,0,0,0,0,0,0,0,-1,0,0,0,0,0,0,0,0,-1,0,0,0,0,0,0,0,0
chr14q23.2-q32.2,0,0,0,0,-1,0,0,0,0,0,0,0,-1,0,0,0,0,0,0,0,0,0,0,0,0,0,0,0
chr15q11.2-q24.3,0,0,0,0,0,0,-1,0,0,-1,0,0,0,0,0,0,0,0,0,0,0,0,-1,0,0,0,0,0
chr15q21.1-q25.3,0,0,0,0,0,0,0,0,0,0,0,0,-1,0,0,0,0,0,0,-1,0,0,0,0,0,0,0,0
chr16p11.2-p11.1,0,1,0,0,0,0,0,0,0,1,0,1,1,0,0,0,0,0,0,0,0,0,0,0,0,0,0,0
chr17p13.3-p13.1,0,0,-1,-1,2,-1,-1,-1,-1,0,0,-1,0,2,-1,-1,0,0,0,-1,-1,-1,2,-1,2,-1,-1,0
chr17p13.3-q21.33,0,0,0,0,0,0,0,0,0,-1,0,0,-1,0,0,0,0,0,-1,0,0,0,0,0,0,0,0,-1
chr1p34.1-p11.2,0,0,1,1,1,1,0,1,0,0,1,0,1,1,1,1,1,1,0,1,1,0,0,1,1,1,0,1
chr1p34.1-q44,0,0,0,0,0,0,1,0,1,0,0,1,0,0,0,0,0,0,1,0,0,1,0,0,0,0,1,0
chr1p36.33-p36.31,0,0,0,0,0,0,0,0,0,0,0,0,-1,0,0,0,0,0,0,0,0,0,-1,0,0,0,0,0
chr1q12-q44,0,0,1,1,1,1,0,1,0,0,1,0,0,1,0,1,1,1,0,1,1,0,0,1,1,1,0,1
chr1q21.1-q42.12,0,0,0,0,0,0,0,0,0,1,0,0,1,0,0,0,0,0,0,0,0,0,0,0,0,0,0,0
chr1q32.1,0,0,0,2,0,0,0,0,0,0,0,0,0,0,2,0,0,0,0,0,0,0,0,0,0,0,0,0
chr20q11.21,0,1,1,1,1,1,0,1,0,1,1,1,0,0,1,1,1,1,1,1,1,1,1,1,1,1,1,0
chr22p11.2,0,0,0,1,0,0,0,0,0,0,0,0,0,0,0,0,0,0,0,0,0,0,1,0,0,0,0,0
chr22q11.1,0,0,0,0,0,0,0,0,0,0,0,0,0,0,0,0,0,0,0,0,0,1,0,0,0,0,1,0
chr22q11.21-q12.3,0,0,0,0,0,0,0,0,0,-1,0,0,-1,0,0,0,0,0,0,0,0,0,0,0,0,0,0,0
chr2p21-p16.1,0,0,-1,-1,0,-1,-1,-1,-1,0,0,-1,-1,-1,-1,-1,-1,-1,-1,0,-1,-1,0,-1,-1,-1,-1,0
chr2p21-q37.3,0,0,0,0,-1,0,0,0,0,0,-1,0,0,0,0,0,0,0,0,0,0,0,0,0,0,0,0,0
chr3p24.3-p22.1,-1,0,0,0,0,0,0,0,0,-1,0,0,0,0,0,0,0,0,0,0,0,0,0,0,0,0,0,0
chr4q12-q13.1,0,0,0,0,0,0,0,0,0,0,0,0,0,0,0,0,0,0,0,-1,0,0,-1,0,0,0,0,0
chr7p22.3-q36.3,0,0,1,1,1,1,1,1,1,1,1,1,1,1,1,1,1,1,1,1,1,1,0,1,1,1,1,1
chr9q21.33,0,0,0,0,0,0,0,0,0,-1,-1,0,0,0,0,0,0,0,0,0,0,0,0,0,0,0,0,0
